Variant,GT.0,GT.1,GT.2,REF_AD,ALT_AD,Sample,AN,GX,MQ,ABHet,ABHom
chr20:2239:SG,0.97014925,0.02985075,0,39,0,SAMP01,20,6,60,0.3846,1
chr20:2239:SG,0.97014925,0.02985075,0,34,0,SAMP02,20,6,60,0.3846,1
chr20:2239:SG,0.97014925,0.02985075,0,21,0,SAMP03,20,6,60,0.3846,1
chr20:2239:SG,0.97014925,0.02985075,0,39,0,SAMP04,20,6,60,0.3846,1
chr20:2239:SG,0,0.92307692,0.07692308,16,10,SAMP05,20,6,60,0.3846,1
chr20:2239:SG,0.97014925,0.02985075,0,26,0,SAMP06,20,6,60,0.3846,1
chr20:2239:SG,0.97014925,0.02985075,0,33,0,SAMP07,20,6,60,0.3846,1
chr20:2239:SG,0.97014925,0.02985075,0,30,0,SAMP08,20,6,60,0.3846,1
chr20:2239:SG,0.97014925,0.02985075,0,32,0,SAMP09,20,6,60,0.3846,1
chr20:2239:SG,0.97014925,0.02985075,0,28,0,SAMP10,20,6,60,0.3846,1
chr20:2362:SG,0.97014925,0.02985075,0,40,0,SAMP01,20,3,60,0.5625,1
chr20:2362:SG,0.97014925,0.02985075,0,36,0,SAMP02,20,3,60,0.5625,1
chr20:2362:SG,0.97014925,0.02985075,0,39,0,SAMP03,20,3,60,0.5625,1
chr20:2362:SG,0.97014925,0.02985075,0,34,0,SAMP04,20,3,60,0.5625,1
chr20:2362:SG,0.97014925,0.02985075,0,33,0,SAMP05,20,3,60,0.5625,1
chr20:2362:SG,0,0.92307692,0.07692308,14,18,SAMP06,20,3,60,0.5625,1
chr20:2362:SG,0.97014925,0.02985075,0,33,0,SAMP07,20,3,60,0.5625,1
chr20:2362:SG,0.97014925,0.02985075,0,33,0,SAMP08,20,3,60,0.5625,1
chr20:2362:SG,0.97014925,0.02985075,0,32,0,SAMP10,20,3,60,0.5625,1
chr20:2784:SG,0.97014925,0.02985075,0,39,0,SAMP01,20,3,60,0.5714,0.9966
chr20:2784:SG,0.97014925,0.02985075,0,34,0,SAMP02,20,3,60,0.5714,0.9966
chr20:2784:SG,0.97014925,0.02985075,0,34,0,SAMP03,20,3,60,0.5714,0.9966
chr20:2784:SG,0,0.92307692,0.07692308,12,16,SAMP04,20,3,60,0.5714,0.9966
chr20:2784:SG,0.97014925,0.02985075,0,35,0,SAMP05,20,3,60,0.5714,0.9966
chr20:2784:SG,0.97014925,0.02985075,0,31,0,SAMP06,20,3,60,0.5714,0.9966
chr20:2784:SG,0.97014925,0.02985075,0,43,0,SAMP07,20,3,60,0.5714,0.9966
chr20:2784:SG,0.97014925,0.02985075,0,34,1,SAMP08,20,3,60,0.5714,0.9966
chr20:2784:SG,0.97014925,0.02985075,0,18,0,SAMP09,20,3,60,0.5714,0.9966
chr20:2784:SG,0.97014925,0.02985075,0,26,0,SAMP10,20,3,60,0.5714,0.9966
chr20:2959:SG,0.97014925,0.02985075,0,36,0,SAMP01,20,3,60,0.5652,0.9912
chr20:2959:SG,0.97014925,0.02985075,0,28,0,SAMP02,20,3,60,0.5652,0.9912
chr20:2959:SG,0.97014925,0.02985075,0,37,0,SAMP03,20,3,60,0.5652,0.9912
chr20:2959:SG,0,0.92307692,0.07692308,17,17,SAMP04,20,3,60,0.5652,0.9912
chr20:2959:SG,0.97014925,0.02985075,0,26,1,SAMP05,20,3,60,0.5652,0.9912
chr20:2959:SG,0.97014925,0.02985075,0,39,1,SAMP06,20,3,60,0.5652,0.9912
chr20:2959:SG,0,0.92307692,0.07692308,10,20,SAMP07,20,3,60,0.5652,0.9912
chr20:2959:SG,0.97014925,0.02985075,0,32,0,SAMP08,20,3,60,0.5652,0.9912
chr20:2959:SG,0,0.92307692,0.07692308,13,15,SAMP09,20,3,60,0.5652,0.9912
chr20:2959:SG,0.97014925,0.02985075,0,26,0,SAMP10,20,3,60,0.5652,0.9912
chr20:3041:SG,0.97014925,0.02985075,0,36,0,SAMP01,20,6,60,0.475,1
chr20:3041:SG,0.97014925,0.02985075,0,27,0,SAMP02,20,6,60,0.475,1
chr20:3041:SG,0,0.92307692,0.07692308,21,19,SAMP03,20,6,60,0.475,1
chr20:3041:SG,0.97014925,0.02985075,0,39,0,SAMP04,20,6,60,0.475,1
chr20:3041:SG,0.97014925,0.02985075,0,28,0,SAMP05,20,6,60,0.475,1
chr20:3041:SG,0.97014925,0.02985075,0,32,0,SAMP06,20,6,60,0.475,1
chr20:3041:SG,0.97014925,0.02985075,0,34,0,SAMP07,20,6,60,0.475,1
chr20:3041:SG,0.97014925,0.02985075,0,23,0,SAMP08,20,6,60,0.475,1
chr20:3041:SG,0.97014925,0.02985075,0,31,0,SAMP09,20,6,60,0.475,1
chr20:3046:SG,0.97014925,0.02985075,0,36,0,SAMP01,20,6,60,0.3214,1
chr20:3046:SG,0.97014925,0.02985075,0,27,0,SAMP02,20,6,60,0.3214,1
chr20:3046:SG,0.97014925,0.02985075,0,40,0,SAMP03,20,6,60,0.3214,1
chr20:3046:SG,0.97014925,0.02985075,0,39,0,SAMP04,20,6,60,0.3214,1
chr20:3046:SG,0,0.92307692,0.07692308,19,9,SAMP05,20,6,60,0.3214,1
chr20:3046:SG,0.97014925,0.02985075,0,32,0,SAMP06,20,6,60,0.3214,1
chr20:3046:SG,0.97014925,0.02985075,0,34,0,SAMP07,20,6,60,0.3214,1
chr20:3046:SG,0.97014925,0.02985075,0,23,0,SAMP08,20,6,60,0.3214,1
chr20:3046:SG,0.97014925,0.02985075,0,31,0,SAMP09,20,6,60,0.3214,1
chr20:3046:SG,0.97014925,0.02985075,0,21,0,SAMP10,20,6,60,0.3214,1
chr20:3049:SG,0,0.08333333,0.91666667,0,36,SAMP01,20,6,60,-1,1
chr20:3049:SG,0,0.08333333,0.91666667,0,27,SAMP02,20,6,60,-1,1
chr20:3049:SG,0,0.08333333,0.91666667,0,40,SAMP03,20,6,60,-1,1
chr20:3049:SG,0,0.08333333,0.91666667,0,39,SAMP04,20,6,60,-1,1
chr20:3049:SG,0,0.08333333,0.91666667,0,28,SAMP05,20,6,60,-1,1
chr20:3049:SG,0,0.08333333,0.91666667,0,32,SAMP06,20,6,60,-1,1
chr20:3049:SG,0,0.08333333,0.91666667,0,34,SAMP07,20,6,60,-1,1
chr20:3049:SG,0,0.08333333,0.91666667,0,23,SAMP08,20,6,60,-1,1
chr20:3049:SG,0,0.08333333,0.91666667,0,31,SAMP09,20,6,60,-1,1
chr20:3049:SG,0,0.08333333,0.91666667,0,21,SAMP10,20,6,60,-1,1
